{
  "animal": 4,
  "best_ll": -617.2778930664062,
  "best_hp": {
    "l_gp_a": 0.2520979940891266,
    "g_gp_a": 0.00013818382285535336,
    "b_gp_a": 0.515070915222168,
    "l_wp_a": 0.9308375120162964,
    "g_wp_a": 0.00010035347804659978,
    "b_wp_a": 4.173158168792725,
    "p": 0
  },
  "scores": [
    -617.2778930664062,
    -21747.4609375
  ],
  "combos": [
    {
      "l_gp_a": 0.2520979940891266,
      "g_gp_a": 0.00013818382285535336,
      "b_gp_a": 0.515070915222168,
      "l_wp_a": 0.9308375120162964,
      "g_wp_a": 0.00010035347804659978,
      "b_wp_a": 4.173158168792725,
      "p": 0
    },
    {
      "l_gp_a": 0.21267826855182648,
      "g_gp_a": 0.00029265988268889487,
      "b_gp_a": 1.3730590343475342,
      "l_wp_a": 0.07395239919424057,
      "g_wp_a": 6.222644151421264e-05,
      "b_wp_a": 1.2502473592758179,
      "p": 3
    }
  ]
}