{
  "animal": 10,
  "best_ll": -6012.32666015625,
  "best_hp": {
    "l_gp_a": 0.5528286695480347,
    "g_gp_a": 0.00032357414602302015,
    "b_gp_a": 0.09959830343723297,
    "l_wp_a": 1.1322044134140015,
    "g_wp_a": 1.3722259609494358e-05,
    "b_wp_a": 0.20548486709594727,
    "p": 4
  },
  "scores": [
    NaN,
    -6012.32666015625
  ],
  "combos": [
    {
      "l_gp_a": 1.1574242115020752,
      "g_gp_a": 0.00032451082370243967,
      "b_gp_a": 0.9600135087966919,
      "l_wp_a": 0.1308431178331375,
      "g_wp_a": 2.246615258627571e-05,
      "b_wp_a": 0.9076777100563049,
      "p": 4
    },
    {
      "l_gp_a": 0.5528286695480347,
      "g_gp_a": 0.00032357414602302015,
      "b_gp_a": 0.09959830343723297,
      "l_wp_a": 1.1322044134140015,
      "g_wp_a": 1.3722259609494358e-05,
      "b_wp_a": 0.20548486709594727,
      "p": 4
    }
  ]
}