{
  "animal": 9,
  "best_ll": -6608.72119140625,
  "best_hp": {
    "l_gp_a": 0.8810920715332031,
    "g_gp_a": 0.0001981582900043577,
    "b_gp_a": 0.0785800963640213,
    "l_wp_a": 0.24528028070926666,
    "g_wp_a": 0.0021211234852671623,
    "b_wp_a": 1.0412724018096924,
    "p": 3
  },
  "scores": [
    -6608.72119140625,
    -7220.70849609375
  ],
  "combos": [
    {
      "l_gp_a": 0.8810920715332031,
      "g_gp_a": 0.0001981582900043577,
      "b_gp_a": 0.0785800963640213,
      "l_wp_a": 0.24528028070926666,
      "g_wp_a": 0.0021211234852671623,
      "b_wp_a": 1.0412724018096924,
      "p": 3
    },
    {
      "l_gp_a": 1.0893168449401855,
      "g_gp_a": 1.79517828655662e-05,
      "b_gp_a": 0.28739166259765625,
      "l_wp_a": 0.07274436950683594,
      "g_wp_a": 0.05547404661774635,
      "b_wp_a": 0.27980944514274597,
      "p": 2
    }
  ]
}