{
  "animal": 6,
  "best_ll": -1846.110595703125,
  "best_hp": {
    "l_gp_a": 0.2101234793663025,
    "g_gp_a": 0.00010818394366651773,
    "b_gp_a": 0.22454293072223663,
    "l_wp_a": 0.11777894198894501,
    "g_wp_a": 9.645764657761902e-05,
    "b_wp_a": 0.9937245845794678,
    "p": 1
  },
  "scores": [
    -1846.110595703125,
    NaN
  ],
  "combos": [
    {
      "l_gp_a": 0.2101234793663025,
      "g_gp_a": 0.00010818394366651773,
      "b_gp_a": 0.22454293072223663,
      "l_wp_a": 0.11777894198894501,
      "g_wp_a": 9.645764657761902e-05,
      "b_wp_a": 0.9937245845794678,
      "p": 1
    },
    {
      "l_gp_a": 2.6892340183258057,
      "g_gp_a": 0.00030239831539802253,
      "b_gp_a": 0.34144842624664307,
      "l_wp_a": 0.2684120237827301,
      "g_wp_a": 0.04805652052164078,
      "b_wp_a": 2.8579256534576416,
      "p": 3
    }
  ]
}