{
  "animal": 1,
  "best_ll": -5869.7470703125,
  "best_hp": {
    "l_gp_a": 0.35294196009635925,
    "g_gp_a": 0.00023268839868251234,
    "b_gp_a": 1.0124908685684204,
    "l_wp_a": 0.14808164536952972,
    "g_wp_a": 8.297788735944778e-05,
    "b_wp_a": 0.355538934469223,
    "p": 1
  },
  "scores": [
    -22592.763671875,
    -5869.7470703125
  ],
  "combos": [
    {
      "l_gp_a": 0.21081887185573578,
      "g_gp_a": 2.6920766686089337e-05,
      "b_gp_a": 0.13233307003974915,
      "l_wp_a": 0.07966116815805435,
      "g_wp_a": 0.017291784286499023,
      "b_wp_a": 0.7385231852531433,
      "p": 4
    },
    {
      "l_gp_a": 0.35294196009635925,
      "g_gp_a": 0.00023268839868251234,
      "b_gp_a": 1.0124908685684204,
      "l_wp_a": 0.14808164536952972,
      "g_wp_a": 8.297788735944778e-05,
      "b_wp_a": 0.355538934469223,
      "p": 1
    }
  ]
}