{
  "animal": 12,
  "best_ll": -3949.415283203125,
  "best_hp": {
    "l_gp_a": 0.9363546371459961,
    "g_gp_a": 2.6575153242447414e-05,
    "b_gp_a": 0.2593117356300354,
    "l_wp_a": 0.5820531845092773,
    "g_wp_a": 8.011083991732448e-05,
    "b_wp_a": 3.994316339492798,
    "p": 1
  },
  "scores": [
    -3949.415283203125,
    -31290.068359375
  ],
  "combos": [
    {
      "l_gp_a": 0.9363546371459961,
      "g_gp_a": 2.6575153242447414e-05,
      "b_gp_a": 0.2593117356300354,
      "l_wp_a": 0.5820531845092773,
      "g_wp_a": 8.011083991732448e-05,
      "b_wp_a": 3.994316339492798,
      "p": 1
    },
    {
      "l_gp_a": 0.3901308476924896,
      "g_gp_a": 5.299302574712783e-05,
      "b_gp_a": 0.11705006659030914,
      "l_wp_a": 0.07710201293230057,
      "g_wp_a": 1.970816811081022e-05,
      "b_wp_a": 1.8463248014450073,
      "p": 4
    }
  ]
}