{
  "animal": 2,
  "best_ll": -9278.2861328125,
  "best_hp": {
    "l_gp_a": 0.7840448021888733,
    "g_gp_a": 0.00018902590090874583,
    "b_gp_a": 0.32990938425064087,
    "l_wp_a": 2.315722942352295,
    "g_wp_a": 0.00029871799051761627,
    "b_wp_a": 0.2651838958263397,
    "p": 4
  },
  "scores": [
    -9278.2861328125,
    -13135.609375
  ],
  "combos": [
    {
      "l_gp_a": 0.7840448021888733,
      "g_gp_a": 0.00018902590090874583,
      "b_gp_a": 0.32990938425064087,
      "l_wp_a": 2.315722942352295,
      "g_wp_a": 0.00029871799051761627,
      "b_wp_a": 0.2651838958263397,
      "p": 4
    },
    {
      "l_gp_a": 0.6118068695068359,
      "g_gp_a": 2.3395527023239993e-05,
      "b_gp_a": 0.2210846245288849,
      "l_wp_a": 0.1663840413093567,
      "g_wp_a": 0.0008554296800866723,
      "b_wp_a": 2.5663340091705322,
      "p": 3
    }
  ]
}