{
  "animal": 8,
  "best_ll": -2547.56591796875,
  "best_hp": {
    "l_gp_a": 0.3139440417289734,
    "g_gp_a": 0.0004613988858181983,
    "b_gp_a": 0.0693170428276062,
    "l_wp_a": 0.18039537966251373,
    "g_wp_a": 2.2291998902801424e-05,
    "b_wp_a": 0.4032950699329376,
    "p": 1
  },
  "scores": [
    -21987.53515625,
    -2547.56591796875
  ],
  "combos": [
    {
      "l_gp_a": 0.3319733440876007,
      "g_gp_a": 5.8920377341564745e-05,
      "b_gp_a": 1.0624409914016724,
      "l_wp_a": 1.439702033996582,
      "g_wp_a": 0.00609905831515789,
      "b_wp_a": 0.8477708101272583,
      "p": 3
    },
    {
      "l_gp_a": 0.3139440417289734,
      "g_gp_a": 0.0004613988858181983,
      "b_gp_a": 0.0693170428276062,
      "l_wp_a": 0.18039537966251373,
      "g_wp_a": 2.2291998902801424e-05,
      "b_wp_a": 0.4032950699329376,
      "p": 1
    }
  ]
}