{
  "animal": 7,
  "best_ll": -8673.119140625,
  "best_hp": {
    "l_gp_a": 2.2293756008148193,
    "g_gp_a": 4.155362694291398e-05,
    "b_gp_a": 0.425042062997818,
    "l_wp_a": 2.407337188720703,
    "g_wp_a": 0.009827318601310253,
    "b_wp_a": 2.2815229892730713,
    "p": 4
  },
  "scores": [
    NaN,
    -8673.119140625
  ],
  "combos": [
    {
      "l_gp_a": 0.3883117437362671,
      "g_gp_a": 3.0082936063990928e-05,
      "b_gp_a": 1.180469036102295,
      "l_wp_a": 2.4877212047576904,
      "g_wp_a": 0.0005330332787707448,
      "b_wp_a": 3.369377851486206,
      "p": 2
    },
    {
      "l_gp_a": 2.2293756008148193,
      "g_gp_a": 4.155362694291398e-05,
      "b_gp_a": 0.425042062997818,
      "l_wp_a": 2.407337188720703,
      "g_wp_a": 0.009827318601310253,
      "b_wp_a": 2.2815229892730713,
      "p": 4
    }
  ]
}