{
  "animal": 13,
  "best_ll": -Infinity,
  "best_hp": null,
  "scores": [
    NaN,
    NaN
  ],
  "combos": [
    {
      "l_gp_a": 1.3616726398468018,
      "g_gp_a": 0.0004654007498174906,
      "b_gp_a": 0.2944774031639099,
      "l_wp_a": 0.11005261540412903,
      "g_wp_a": 0.0010951801668852568,
      "b_wp_a": 1.6010425090789795,
      "p": 4
    },
    {
      "l_gp_a": 0.26594221591949463,
      "g_gp_a": 0.000264817092102021,
      "b_gp_a": 0.29199719429016113,
      "l_wp_a": 0.20025292038917542,
      "g_wp_a": 0.0012976155849173665,
      "b_wp_a": 3.947826385498047,
      "p": 4
    }
  ]
}