{
  "animal": 11,
  "best_ll": -309.6272888183594,
  "best_hp": {
    "l_gp_a": 2.4161455631256104,
    "g_gp_a": 7.539962825831026e-05,
    "b_gp_a": 0.09087055921554565,
    "l_wp_a": 0.4259107708930969,
    "g_wp_a": 4.341579551692121e-05,
    "b_wp_a": 0.5065740346908569,
    "p": 1
  },
  "scores": [
    -6354.79638671875,
    -309.6272888183594
  ],
  "combos": [
    {
      "l_gp_a": 2.504300117492676,
      "g_gp_a": 2.9367549359449185e-05,
      "b_gp_a": 0.06859398633241653,
      "l_wp_a": 1.9570951461791992,
      "g_wp_a": 0.00413271551951766,
      "b_wp_a": 2.6206297874450684,
      "p": 4
    },
    {
      "l_gp_a": 2.4161455631256104,
      "g_gp_a": 7.539962825831026e-05,
      "b_gp_a": 0.09087055921554565,
      "l_wp_a": 0.4259107708930969,
      "g_wp_a": 4.341579551692121e-05,
      "b_wp_a": 0.5065740346908569,
      "p": 1
    }
  ]
}