{
  "animal": 5,
  "best_ll": -4460.67041015625,
  "best_hp": {
    "l_gp_a": 2.3593568801879883,
    "g_gp_a": 0.00011801906657638028,
    "b_gp_a": 0.28346753120422363,
    "l_wp_a": 0.9139310717582703,
    "g_wp_a": 0.011680991388857365,
    "b_wp_a": 0.40641993284225464,
    "p": 5
  },
  "scores": [
    -4460.67041015625,
    -10923.6962890625
  ],
  "combos": [
    {
      "l_gp_a": 2.3593568801879883,
      "g_gp_a": 0.00011801906657638028,
      "b_gp_a": 0.28346753120422363,
      "l_wp_a": 0.9139310717582703,
      "g_wp_a": 0.011680991388857365,
      "b_wp_a": 0.40641993284225464,
      "p": 5
    },
    {
      "l_gp_a": 0.30837294459342957,
      "g_gp_a": 8.974641968961805e-05,
      "b_gp_a": 1.359142541885376,
      "l_wp_a": 0.2595045268535614,
      "g_wp_a": 0.0008409006404690444,
      "b_wp_a": 0.7925664782524109,
      "p": 3
    }
  ]
}