{
  "animal": 3,
  "best_ll": -25395.388671875,
  "best_hp": {
    "l_gp_a": 0.2638409733772278,
    "g_gp_a": 3.909152655978687e-05,
    "b_gp_a": 0.7095497846603394,
    "l_wp_a": 0.21156859397888184,
    "g_wp_a": 0.02109450474381447,
    "b_wp_a": 3.2942278385162354,
    "p": 3
  },
  "scores": [
    -25395.388671875,
    NaN
  ],
  "combos": [
    {
      "l_gp_a": 0.2638409733772278,
      "g_gp_a": 3.909152655978687e-05,
      "b_gp_a": 0.7095497846603394,
      "l_wp_a": 0.21156859397888184,
      "g_wp_a": 0.02109450474381447,
      "b_wp_a": 3.2942278385162354,
      "p": 3
    },
    {
      "l_gp_a": 0.22659851610660553,
      "g_gp_a": 5.109477569931187e-05,
      "b_gp_a": 0.0575651116669178,
      "l_wp_a": 1.1169264316558838,
      "g_wp_a": 1.0682698302844074e-05,
      "b_wp_a": 2.9368743896484375,
      "p": 4
    }
  ]
}