{
  "best": {
    "id": 1,
    "val_loglik": 118.83625776808226,
    "params": {
      "gp": {
        "angle": {
          "gamma": 1.2611209081195622e-06,
          "beta": 0.1545134676685524,
          "lambda": 0.033648589334198016
        },
        "sf": {
          "gamma": 1.8537948170285836e-05,
          "beta": 0.001216071228447182,
          "lambda": 0.023596621672706312
        }
      },
      "wp": {
        "angle": {
          "gamma": 0.0003886303977238022,
          "beta": 0.06128860402829823,
          "lambda": 0.07927489429502098
        },
        "sf": {
          "gamma": 0.00010277162986056999,
          "beta": 0.13689638835460033,
          "lambda": 0.7017062333532991
        }
      },
      "model": {
        "P": "2"
      }
    },
    "status": "ok"
  },
  "results": [
    {
      "id": 0,
      "val_loglik": -53.88667215105185,
      "params": {
        "gp": {
          "angle": {
            "gamma": 8.144886973076099e-05,
            "beta": 0.006447036682716463,
            "lambda": 0.013271517125308805
          },
          "sf": {
            "gamma": 6.605524798050307e-05,
            "beta": 0.1543439757117907,
            "lambda": 0.42743981616939003
          }
        },
        "wp": {
          "angle": {
            "gamma": 1.120941392828578e-06,
            "beta": 0.4837594414726847,
            "lambda": 5.4735202837886385
          },
          "sf": {
            "gamma": 0.0006385828802382954,
            "beta": 0.493352183002272,
            "lambda": 0.010190969469382439
          }
        },
        "model": {
          "P": "1"
        }
      },
      "status": "ok"
    },
    {
      "id": 1,
      "val_loglik": 118.83625776808226,
      "params": {
        "gp": {
          "angle": {
            "gamma": 1.2611209081195622e-06,
            "beta": 0.1545134676685524,
            "lambda": 0.033648589334198016
          },
          "sf": {
            "gamma": 1.8537948170285836e-05,
            "beta": 0.001216071228447182,
            "lambda": 0.023596621672706312
          }
        },
        "wp": {
          "angle": {
            "gamma": 0.0003886303977238022,
            "beta": 0.06128860402829823,
            "lambda": 0.07927489429502098
          },
          "sf": {
            "gamma": 0.00010277162986056999,
            "beta": 0.13689638835460033,
            "lambda": 0.7017062333532991
          }
        },
        "model": {
          "P": "2"
        }
      },
      "status": "ok"
    }
  ],
  "test_loglik": 125.79786416626229,
  "data_summary": {
    "x_shape": [
      60,
      2
    ],
    "y_shape": [
      10,
      60,
      137
    ],
    "x_train_shape": [
      38,
      2
    ],
    "y_train_shape": [
      6,
      38,
      137
    ],
    "x_val_shape": [
      10,
      2
    ],
    "x_test_shape": [
      12,
      2
    ]
  }
}