{
  "best_hp": {
    "l_gp_a": 5.810342788696289,
    "g_gp_a": 1.0006674528121948,
    "b_gp_a": 1.1779297590255737,
    "l_wp_a": 10.523953437805176,
    "g_wp_a": 1.101198673248291,
    "b_wp_a": 59.0428352355957,
    "p": 0
  },
  "best_ll": -87928.92879409844
}