{
  "best_hp": {
    "l_gp_a": 0.20952132586916078,
    "g_gp_a": 1.0752957679519848e-05,
    "b_gp_a": 0.5774408812035994,
    "l_wp_a": 1.0368991974795063,
    "g_wp_a": 0.058998684335986304,
    "b_wp_a": 2.232220621308216,
    "p": 1
  },
  "best_ll": -444764.21408796054
}