{
  "best_hp": {
    "l_gp_a": 1.0648810660249726,
    "g_gp_a": 3.581601883986404e-05,
    "b_gp_a": 0.08824559534436859,
    "l_wp_a": 0.46683647128430666,
    "g_wp_a": 0.005567427241606849,
    "b_wp_a": 0.6529558990948647,
    "p": 1
  },
  "best_ll": -19422.988281094076
}